username,balance_ETH1_ETH
ikxiprbS,46336
nMUHMWMQ,86198
ZjXSutwr,52739
RTOWTRkh,4510
UxYRIgRp,9084
cDtjhvuS,79634
cJvNSkno,17546
kFUUPjhp,3292
jbvxvitJ,40409
ameivmEX,83790
VDPIfEEK,72615
NoTfOisd,75753
DZvSJWSI,85509
LsXdbXXI,57515
HTgkNSBB,81232
wRovHjFQ,51932
umLcRWoR,16183
tcUEGyRk,18436
wSaivsUm,79166
gPcsupdG,80186
eEqGfmgr,41844
iABmBuGD,37243
tBbKTxIZ,31384
jIZhDAbA,42405
nyaYDtKi,67715
ersPZcyp,29349
QLQGkHTR,21103
GJUHDbmB,38722
glfTLUeJ,6703
IaCNbfWV,64208
zmcJpaRh,15978
FcUmjdhR,31082
aNtWCYhj,51497
oPGCfePw,29190
xKRGdqMa,62132
WQECWGWd,9626
qhbrIjqK,5502
yedVINXs,1087
NvGVWcBC,65766
ohbKwAIa,81513
WPWozxbJ,80401
qlmJKKiC,85420
pMNJXsnP,83600
bDBDSMEh,59737
nIApBHzw,21587
iJrinlMc,37926
OudvPqok,82186
ZYxeuDgV,59914
NkbXxVjR,30242
tjRGrNoW,15747
dszuNtPQ,13661
rwXvCfMX,12164
mtMWKgFG,27239
LxhZEVPC,64483
LUCiqDHh,40078
PnEPhDli,32072
AQqNqMYo,53984
fMSCOlry,17833
PAqubvwf,66704
PtkXSmjM,28985
aLzzRBuW,74061
xpqFPgRQ,45933
BaniyLSG,43952
KCrwkYxx,50282
vIfVyMXu,19719
lSltIJEM,53278
siaSubnx,38965
IXSnacUz,58305
LElbKiIy,22797
rUdTkIjK,35762
nSjNcKDA,59816
vCORbAbe,70869
oHAYPDkk,68334
xjtVUBpt,29374
WFzSSWqi,14950
RJYCFIQY,67151
voJlPFIK,38603
jQkloThz,56233
INlUmAgx,12303
PiDNFPOf,7985
OvusFBbw,75252
YzQUTYYB,21302
gUHQOHko,83342
uMHhkATq,83549
GxrnDiRk,5806
xChsfMQT,45342
rEJbZZDM,21787
yBHSeRSp,30711
bkCGROhv,3148
jqBGAmHe,59492
WXtaUlGO,85455
TsiOcCjL,9651
eXQOidVg,67443
wPohIdTl,13071
RYggLHix,42097
tHKCYuEe,50349
qNdGKAqJ,33825
DltviJGv,44423
RhdKzldZ,19382
ZUvjeWxy,7731
AAsvKLuh,14236
AkhJNyxy,5013
vOLWFEZg,83709
JCVVJAxb,68128
EYpJymxs,18102
hOxgGIOI,74624
CqYdeSpz,83419
zwvBwgWP,41206
SrutBcnV,82111
MnKvuoxh,62273
RrJuKdOw,88104
oGFnmNyn,7217
IxCWSZEk,86998
YaaYIfYx,49609
dBqAWZBu,82358
NnPQRtTQ,87000
tsowdbeP,82058
vQIbHyoO,12049
vnZyYQCF,31228
ADPsDcmI,50282
JownLSuo,58514
BrLOPoum,41551
dMGHwUQf,53317
tXjFVBsk,39208
jYufCjZI,6379
geDauViJ,1617
NTQynqqJ,7600
gBFytAmp,20466
vYUsCBsb,72552
NdIsjZQq,10154
mLxfkndj,42926
okXIJytW,53790
albMRglA,10849
XTMRDYiz,32016
wYHEUoVG,14332
ZpUNSBsD,85252
CZheAPrN,3738
hebGXHJm,69431
ZzppAJsk,62580
aasERXrd,43302
FiESLjxn,20927
oNIcbnzh,43225
QvLJGZhK,6603
BATEtJOc,51237
SQyYyVav,82923
CfnBUkhl,4505
iiOjMbIF,59596
XxJXSCRp,48355
opcUPgfJ,26922
IOOMTrze,6486
FuCpHBiY,86365
oovrkSAR,88507
pNCylmGU,50500
kgGWZgVQ,42366
YbRkgxzM,11578
zXrAcDyI,4497
rvNZLimK,60624
oBAhfTbA,57363
gdqVnQUT,72985
HSlcgooZ,86533
OvYjBzLV,72643
NevySsdu,24436
cHQzDQzA,8810
UzFqhpcC,36863
iEGhbjIF,85113
BtwTqfVl,33695
zcnIDWBK,15717
zITqooEp,10293
HIjVSnZG,82439
vDkwzgDE,56680
EHlqjWFY,32045
QQykQcqy,6483
zdyFdnkL,81865
gPsPnCwh,13388
nvZxjpeR,33552
KzIooPrk,42495
YdnUGgXT,12688
WRXnuSDY,17966
XDxvszfd,74470
CPregCdf,37854
bXctaIEH,73625
BKjtEzcm,6784
Cjaytiel,18347
cyXwyDBY,21105
aQLeTASA,23936
eTmLIdNJ,41233
HbLRfypO,77041
LRWdQMsm,27507
fiMJNGTb,60337
SkukLXUA,19544
pxUQQHET,65765
VGdwkOMN,32963
qMRtViLn,6094
VKgmyxyl,41602
JLuInkmq,40448
PNvwLaJN,6073
bsovSctl,3647
aVVSJfgM,46685
BdyDrIzq,5814
xAYELpJE,12730
KHoywnPO,36136
MBdsuxLx,22492
JiOCkYJx,41787
PmwsneLF,83589
cwypGZiU,38314
jmDxbWam,18600
tyBMxEie,20481
GYUuzlcZ,17793
OSeDkEoz,87702
hoghzTWr,74812
cgNnTFrL,41815
QEJHEwLN,4078
RuuInHaA,57430
ZFxrcEmq,34571
OjUqvxwx,83029
kpebggCi,58199
PapMDezJ,88144
uhWOEgOE,82491
hFFNYETQ,77229
AkQbseKu,13515
lWLRfeTP,68602
DVElYxYd,45433
ZFBdQDqe,48203
kCDwzLMr,67077
NzvtdXdo,86189
JzltoFKx,38249
cWBEUikr,80222
iPfsINik,26011
SRObbqGe,3951
KBWOfgnw,31516
FtmrYHJO,67299
fcPDBowM,87767
GbdvPEij,64015
hHahNgVl,75247
mDeUPJDV,84380
hlkxHaHu,28648
zMsfnvgw,83264
eYiyBiHT,46733
CfWhwoJc,9337
ekNdilJv,8054
rypbHnyV,28721
KTYVlZBQ,44359
vyeCyAxZ,77708
NUzxXknB,4848
gpTfMpkn,20184
rcYVUUPq,39897
cEDOudCe,51834
KwZQsbiv,84493
ReqXmgDU,32008
wYkMJhLs,58624
mQmsUrvz,17784
KFjffYeB,13247
aEGIYTCY,33289
rMsXSDgN,56529
AGYqUPaT,81738
zkRMVeDG,78590
